{"cameraMode":{"drawMode":0,"name":"Shaded","section":"Shading Mode"},"sceneLighting":true,"audioPlay":false,"sceneViewState":{"m_AlwaysRefresh":false,"showFog":true,"showSkybox":true,"showFlares":true,"showImageEffects":true,"showParticleSystems":true,"showVisualEffectGraphs":true,"m_FxEnabled":true},"in2DMode":false,"pivot":{"x":-2.742166042327881,"y":-0.056513309478759769,"z":-3.3659825325012209},"rotation":{"x":0.7016699314117432,"y":0.012822332791984082,"z":-0.012631425634026528,"w":0.7122746706008911},"size":11.306360244750977,"orthographic":false}